{
    "Measured": {
        "nJobStart": 38477,
        "minLoad": "4517",
        "maxLoad": "12744",
        "medianLoad": "11838",
        "meanLoad": "10960",
        "usageIncluded": 7002479.942222223,
        "usageExcluded": 907605.0630555556,
        "usageFraction": 0.8273251349506406,
        "residualWork": 617783.92,
        "minWait": 0.0,
        "medianWait": 0.0002777777777777778,
        "maxWait": 155.54555555555555,
        "meanWait": 1.3728913449015718,
        "minTurnaroundTime": 0.0002777777777777778,
        "medianTurnaroundTime": 0.013888888888888888,
        "maxTurnaroundTime": 336.15277777777777,
        "meanTurnaroundTime": 4.560315022249944
    },
    "Simulation (Rigid: R)": {
        "nJobStart": 38916,
        "minLoad": "3974",
        "maxLoad": "13248",
        "medianLoad": "12616",
        "meanLoad": "11096",
        "usageIncluded": 7089705.384166666,
        "usageExcluded": 820380.7827777778,
        "usageFraction": 0.837630598318368,
        "residualWork": 433877.4661111111,
        "minWait": -2.587008333333333e-13,
        "medianWait": 0.30583333333333335,
        "maxWait": 37.15,
        "meanWait": 6.542385337079293,
        "minTurnaroundTime": 0.0002777777777777778,
        "medianTurnaroundTime": 2.8505555555555557,
        "maxTurnaroundTime": 350.6722222222222,
        "meanTurnaroundTime": 9.727336164216947
    },
    "Simulation (Moldable: M)": {
        "nJobStart": 38944,
        "minLoad": "2518",
        "maxLoad": "13248",
        "medianLoad": "12961",
        "meanLoad": "11011",
        "usageIncluded": 7035124.89,
        "usageExcluded": 874749.0483333333,
        "usageFraction": 0.831182052221172,
        "residualWork": 427637.0025,
        "minWait": -3.2337499999999997e-13,
        "medianWait": 2.284705555555555,
        "maxWait": 27.432222222222222,
        "meanWait": 4.856379410094551,
        "minTurnaroundTime": 0.0001388888888888889,
        "medianTurnaroundTime": 3.2085833333333333,
        "maxTurnaroundTime": 518.4666666666667,
        "meanTurnaroundTime": 6.977648958440324
    },
    "Cirrus (M) + 10% ARCHER2 (R)": {
        "nJobStart": 40288,
        "minLoad": "3730",
        "maxLoad": "13248",
        "medianLoad": "13213",
        "meanLoad": "11758",
        "usageIncluded": 7512642.643888889,
        "usageExcluded": 1097225.5358333334,
        "usageFraction": 0.8875995562250577,
        "residualWork": 597528.6061111111,
        "minWait": -3.2337499999999997e-13,
        "medianWait": 4.747083333333333,
        "maxWait": 27.432222222222222,
        "meanWait": 7.413726433629947,
        "minTurnaroundTime": 0.0001388888888888889,
        "medianTurnaroundTime": 5.829152777777778,
        "maxTurnaroundTime": 267.26694444444445,
        "meanTurnaroundTime": 9.614526203962306
    },
    "Cirrus (M) + 20% ARCHER2 (R)": {
        "nJobStart": 41678,
        "minLoad": "4228",
        "maxLoad": "13248",
        "medianLoad": "13232",
        "meanLoad": "12409",
        "usageIncluded": 7928507.1875,
        "usageExcluded": 1381308.5575,
        "usageFraction": 0.9367328907726843,
        "residualWork": 828648.3841666667,
        "minWait": -1.9402555555555554e-13,
        "medianWait": 8.357777777777779,
        "maxWait": 32.80833333333333,
        "meanWait": 11.185218850076113,
        "minTurnaroundTime": 0.0001388888888888889,
        "medianTurnaroundTime": 10.163805555555555,
        "maxTurnaroundTime": 352.2916666666667,
        "meanTurnaroundTime": 13.422867876030852
    },
    "Cirrus (M) + 30% ARCHER2 (R)": {
        "nJobStart": 42832,
        "minLoad": "5811",
        "maxLoad": "13248",
        "medianLoad": "13243",
        "meanLoad": "12941",
        "usageIncluded": 8267916.71,
        "usageExcluded": 1744299.0483333333,
        "usageFraction": 0.9768332596880908,
        "residualWork": 1165687.3691666666,
        "minWait": -1.2935027777777777e-13,
        "medianWait": 13.918625,
        "maxWait": 42.825833333333335,
        "meanWait": 18.403894834090423,
        "minTurnaroundTime": 0.0001388888888888889,
        "medianTurnaroundTime": 16.86552777777778,
        "maxTurnaroundTime": 416.73055555555555,
        "meanTurnaroundTime": 20.742914388076994
    },
    "Cirrus (M) + 40% ARCHER2 (R)": {
        "nJobStart": 41449,
        "minLoad": "6879",
        "maxLoad": "13248",
        "medianLoad": "13247",
        "meanLoad": "13183",
        "usageIncluded": 8422657.098888889,
        "usageExcluded": 2288655.325833333,
        "usageFraction": 0.9951154417401806,
        "residualWork": 1658559.7838888888,
        "minWait": -6.467527777777778e-14,
        "medianWait": 26.396944444444443,
        "maxWait": 69.14611111111111,
        "meanWait": 28.436454732247928,
        "minTurnaroundTime": 0.0001388888888888889,
        "medianTurnaroundTime": 28.93138888888889,
        "maxTurnaroundTime": 437.31111111111113,
        "meanTurnaroundTime": 30.861389247562602
    },
    "Cirrus (M) + 50% ARCHER2 (R)": {
        "nJobStart": 40660,
        "minLoad": "8961",
        "maxLoad": "13248",
        "medianLoad": "13245",
        "meanLoad": "13207",
        "usageIncluded": 8438188.955555556,
        "usageExcluded": 2973154.5233333334,
        "usageFraction": 0.9969504909682839,
        "residualWork": 2291383.883611111,
        "minWait": -6.467527777777778e-14,
        "medianWait": 42.724444444444444,
        "maxWait": 97.8313888888889,
        "meanWait": 39.14988952560529,
        "minTurnaroundTime": 0.0004166666666666667,
        "medianTurnaroundTime": 45.42875,
        "maxTurnaroundTime": 523.6444444444444,
        "meanTurnaroundTime": 41.583709734655955
    },
    "Cirrus (M) + 60% ARCHER2 (R)": {
        "nJobStart": 40907,
        "minLoad": "12098",
        "maxLoad": "13248",
        "medianLoad": "13241",
        "meanLoad": "13211",
        "usageIncluded": 8440719.388333334,
        "usageExcluded": 3669106.2861111113,
        "usageFraction": 0.9972494551433523,
        "residualWork": 2943264.234166667,
        "minWait": 1.834375,
        "medianWait": 63.646388888888886,
        "maxWait": 124.07388888888889,
        "meanWait": 51.74386697631212,
        "minTurnaroundTime": 2.2744444444444443,
        "medianTurnaroundTime": 64.70972222222223,
        "maxTurnaroundTime": 525.1,
        "meanTurnaroundTime": 54.15677538515549
    },
    "Cirrus (M) + 70% ARCHER2 (R)": {
        "nJobStart": 41316,
        "minLoad": "12099",
        "maxLoad": "13248",
        "medianLoad": "13239",
        "meanLoad": "13210",
        "usageIncluded": 8440068.489444444,
        "usageExcluded": 4371235.755,
        "usageFraction": 0.9971725531007142,
        "residualWork": 3591784.8230555556,
        "minWait": 5.519222222222222,
        "medianWait": 83.81861111111111,
        "maxWait": 134.90333333333334,
        "meanWait": 65.63884878806704,
        "minTurnaroundTime": 5.945833333333334,
        "medianTurnaroundTime": 85.22638888888889,
        "maxTurnaroundTime": 532.5944444444444,
        "meanTurnaroundTime": 67.89286678822302
    },
    "Cirrus (M) + 80% ARCHER2 (R)": {
        "nJobStart": 41604,
        "minLoad": "12099",
        "maxLoad": "13248",
        "medianLoad": "13233",
        "meanLoad": "13207",
        "usageIncluded": 8438140.688333333,
        "usageExcluded": 5071641.612222223,
        "usageFraction": 0.9969447883191557,
        "residualWork": 4234358.7775,
        "minWait": 9.276611111111112,
        "medianWait": 101.11111111111111,
        "maxWait": 164.16416666666666,
        "meanWait": 78.77149732330759,
        "minTurnaroundTime": 9.48125,
        "medianTurnaroundTime": 102.11597222222223,
        "maxTurnaroundTime": 565.15,
        "meanTurnaroundTime": 81.00357188811974
    },
    "Cirrus (M) + 90% ARCHER2 (R)": {
        "nJobStart": 41784,
        "minLoad": "12099",
        "maxLoad": "13248",
        "medianLoad": "13231",
        "meanLoad": "13207",