{
    "cirrus-cpu-M_archer2-R-10pc": {
        "nJobStart": 40288,
        "minLoad": "3730",
        "maxLoad": "13248",
        "medianLoad": "13213",
        "meanLoad": "11758",
        "usageIncluded": 7512642.643888889,
        "usageExcluded": 1097225.5358333334,
        "usageFraction": 0.8875995562250577,
        "residualWork": 597528.6061111111,
        "minWait": -3.2337499999999997e-13,
        "medianWait": 4.747083333333333,
        "maxWait": 27.432222222222222,
        "meanWait": 7.413726433629947,
        "minTurnaroundTime": 0.0001388888888888889,
        "medianTurnaroundTime": 5.829152777777778,
        "maxTurnaroundTime": 267.26694444444445,
        "meanTurnaroundTime": 9.614526203962306
    }
}