{
    "Cirrus-CPU_measured": {
        "nJobStart": 38477,
        "minLoad": "4517",
        "maxLoad": "12744",
        "medianLoad": "11838",
        "meanLoad": "10960",
        "usageIncluded": 7002479.942222223,
        "usageExcluded": 907605.0630555556,
        "usageFraction": 0.8273251349506406,
        "residualWork": 617783.92,
        "minWait": 0.0,
        "medianWait": 0.0002777777777777778,
        "maxWait": 155.54555555555555,
        "meanWait": 1.3728913449015718,
        "minTurnaroundTime": 0.0002777777777777778,
        "medianTurnaroundTime": 0.013888888888888888,
        "maxTurnaroundTime": 336.15277777777777,
        "meanTurnaroundTime": 4.560315022249944
    }
}